first_name,last_name,email,rental_count,total_paid,avg_payment_per_rental
BRITTANY,RILEY,BRITTANY.RILEY@sakilacustomer.org,28,159.72,5.70
DON,BONE,DON.BONE@sakilacustomer.org,25,133.75,5.35
KEVIN,SCHULER,KEVIN.SCHULER@sakilacustomer.org,22,116.78,5.31
LENA,JENSEN,LENA.JENSEN@sakilacustomer.org,32,168.68,5.27
LONNIE,TIRADO,LONNIE.TIRADO@sakilacustomer.org,18,94.82,5.27
PAUL,TROUT,PAUL.TROUT@sakilacustomer.org,23,120.77,5.25
RUTH,MARTINEZ,RUTH.MARTINEZ@sakilacustomer.org,24,125.76,5.24
LINDA,WILLIAMS,LINDA.WILLIAMS@sakilacustomer.org,26,135.74,5.22
MIRIAM,MCKINNEY,MIRIAM.MCKINNEY@sakilacustomer.org,26,135.74,5.22
LAURA,RODRIGUEZ,LAURA.RODRIGUEZ@sakilacustomer.org,22,113.78,5.17
ANA,BRADLEY,ANA.BRADLEY@sakilacustomer.org,34,174.66,5.14
MAE,FLETCHER,MAE.FLETCHER@sakilacustomer.org,31,158.69,5.12
MARSHALL,THORN,MARSHALL.THORN@sakilacustomer.org,23,117.77,5.12
MILTON,HOWLAND,MILTON.HOWLAND@sakilacustomer.org,25,127.75,5.11
EDWIN,BURK,EDWIN.BURK@sakilacustomer.org,23,116.77,5.08
ARNOLD,HAVENS,ARNOLD.HAVENS@sakilacustomer.org,33,167.67,5.08
JOHNNIE,CHISHOLM,JOHNNIE.CHISHOLM@sakilacustomer.org,24,121.76,5.07
JEANNE,LAWSON,JEANNE.LAWSON@sakilacustomer.org,27,136.73,5.06
TONYA,CHAPMAN,TONYA.CHAPMAN@sakilacustomer.org,32,161.68,5.05
FREDERICK,ISBELL,FREDERICK.ISBELL@sakilacustomer.org,21,105.79,5.04
RAUL,FORTIER,RAUL.FORTIER@sakilacustomer.org,20,100.80,5.04
KATHRYN,COLEMAN,KATHRYN.COLEMAN@sakilacustomer.org,26,130.74,5.03
GORDON,ALLARD,GORDON.ALLARD@sakilacustomer.org,32,160.68,5.02
RHONDA,KENNEDY,RHONDA.KENNEDY@sakilacustomer.org,39,194.61,4.99
MARION,SNYDER,MARION.SNYDER@sakilacustomer.org,39,194.61,4.99
KENNETH,GOODEN,KENNETH.GOODEN@sakilacustomer.org,17,84.83,4.99
OSCAR,AQUINO,OSCAR.AQUINO@sakilacustomer.org,20,99.80,4.99
DAN,PAINE,DAN.PAINE@sakilacustomer.org,22,109.78,4.99
GUY,BROWNLEE,GUY.BROWNLEE@sakilacustomer.org,32,159.68,4.99
KENT,ARSENAULT,KENT.ARSENAULT@sakilacustomer.org,27,134.73,4.99
JERRY,JORDON,JERRY.JORDON@sakilacustomer.org,29,143.71,4.96
ROY,WHITING,ROY.WHITING@sakilacustomer.org,29,143.71,4.96
CHERYL,MURPHY,CHERYL.MURPHY@sakilacustomer.org,27,133.73,4.95
FRANCES,PARKER,FRANCES.PARKER@sakilacustomer.org,22,108.78,4.94
KAY,CALDWELL,KAY.CALDWELL@sakilacustomer.org,20,98.80,4.94
ANTONIO,MEEK,ANTONIO.MEEK@sakilacustomer.org,16,78.84,4.93
VERNON,CHAPA,VERNON.CHAPA@sakilacustomer.org,18,88.82,4.93
KARL,SEAL,KARL.SEAL@sakilacustomer.org,45,221.55,4.92
TOMMY,COLLAZO,TOMMY.COLLAZO@sakilacustomer.org,38,186.62,4.91
SAM,MCDUFFIE,SAM.MCDUFFIE@sakilacustomer.org,24,117.76,4.91
PERRY,SWAFFORD,PERRY.SWAFFORD@sakilacustomer.org,24,117.76,4.91
BRENT,HARKINS,BRENT.HARKINS@sakilacustomer.org,23,112.77,4.90
DEBRA,NELSON,DEBRA.NELSON@sakilacustomer.org,29,141.71,4.89
DANIEL,CABRAL,DANIEL.CABRAL@sakilacustomer.org,20,97.80,4.89
KAREN,JACKSON,KAREN.JACKSON@sakilacustomer.org,27,131.73,4.88
KRISTEN,CHAVEZ,KRISTEN.CHAVEZ@sakilacustomer.org,18,87.82,4.88
ARTHUR,SIMPKINS,ARTHUR.SIMPKINS@sakilacustomer.org,32,155.68,4.87
WANDA,PATTERSON,WANDA.PATTERSON@sakilacustomer.org,30,145.70,4.86
CALVIN,MARTEL,CALVIN.MARTEL@sakilacustomer.org,23,111.77,4.86
DIANE,COLLINS,DIANE.COLLINS@sakilacustomer.org,35,169.65,4.85
JIMMIE,EGGLESTON,JIMMIE.EGGLESTON@sakilacustomer.org,28,135.72,4.85
WARREN,SHERROD,WARREN.SHERROD@sakilacustomer.org,33,159.67,4.84
EDUARDO,HIATT,EDUARDO.HIATT@sakilacustomer.org,27,130.73,4.84
JAMIE,RICE,JAMIE.RICE@sakilacustomer.org,29,139.71,4.82
TROY,QUIGLEY,TROY.QUIGLEY@sakilacustomer.org,30,144.70,4.82
ALVIN,DELOACH,ALVIN.DELOACH@sakilacustomer.org,29,139.71,4.82
ALAN,KAHN,ALAN.KAHN@sakilacustomer.org,26,124.74,4.80
DUANE,TUBBS,DUANE.TUBBS@sakilacustomer.org,31,148.69,4.80
TINA,SIMMONS,TINA.SIMMONS@sakilacustomer.org,28,133.72,4.78
JOE,GILLILAND,JOE.GILLILAND@sakilacustomer.org,29,138.71,4.78
JESUS,MCCARTNEY,JESUS.MCCARTNEY@sakilacustomer.org,24,114.76,4.78
MAURICE,CRAWLEY,MAURICE.CRAWLEY@sakilacustomer.org,29,138.71,4.78
NATHANIEL,ADAM,NATHANIEL.ADAM@sakilacustomer.org,28,133.72,4.78
PATRICIA,JOHNSON,PATRICIA.JOHNSON@sakilacustomer.org,27,128.73,4.77
EDDIE,TOMLIN,EDDIE.TOMLIN@sakilacustomer.org,27,128.73,4.77
NEIL,RENNER,NEIL.RENNER@sakilacustomer.org,32,152.68,4.77
STELLA,MORENO,STELLA.MORENO@sakilacustomer.org,22,104.78,4.76
VIOLET,RODRIQUEZ,VIOLET.RODRIQUEZ@sakilacustomer.org,30,142.70,4.76
CHRISTOPHER,GRECO,CHRISTOPHER.GRECO@sakilacustomer.org,31,147.69,4.76
RYAN,SALISBURY,RYAN.SALISBURY@sakilacustomer.org,30,142.70,4.76
MIKE,WAY,MIKE.WAY@sakilacustomer.org,35,166.65,4.76
STEPHANIE,MITCHELL,STEPHANIE.MITCHELL@sakilacustomer.org,25,118.75,4.75
MELINDA,FERNANDEZ,MELINDA.FERNANDEZ@sakilacustomer.org,17,80.83,4.75
RICARDO,MEADOR,RICARDO.MEADOR@sakilacustomer.org,21,99.79,4.75
JAMIE,WAUGH,JAMIE.WAUGH@sakilacustomer.org,25,118.75,4.75
BESSIE,MORRISON,BESSIE.MORRISON@sakilacustomer.org,28,132.72,4.74
JANET,PHILLIPS,JANET.PHILLIPS@sakilacustomer.org,27,127.73,4.73
GLADYS,HAMILTON,GLADYS.HAMILTON@sakilacustomer.org,31,146.69,4.73
ZACHARY,HITE,ZACHARY.HITE@sakilacustomer.org,31,146.69,4.73
ROSE,HOWARD,ROSE.HOWARD@sakilacustomer.org,22,103.78,4.72
GREG,ROBINS,GREG.ROBINS@sakilacustomer.org,30,141.70,4.72
BEN,EASTER,BEN.EASTER@sakilacustomer.org,26,122.74,4.72
ELEANOR,HUNT,ELEANOR.HUNT@sakilacustomer.org,46,216.54,4.71
FERNANDO,CHURCHILL,FERNANDO.CHURCHILL@sakilacustomer.org,25,117.75,4.71
DONNA,THOMPSON,DONNA.THOMPSON@sakilacustomer.org,21,98.79,4.70
TYRONE,ASHER,TYRONE.ASHER@sakilacustomer.org,24,112.76,4.70
JUNE,CARROLL,JUNE.CARROLL@sakilacustomer.org,37,173.63,4.69
TERRI,VASQUEZ,TERRI.VASQUEZ@sakilacustomer.org,27,126.73,4.69
MARIAN,MENDOZA,MARIAN.MENDOZA@sakilacustomer.org,23,107.77,4.69
DORA,MEDINA,DORA.MEDINA@sakilacustomer.org,23,107.77,4.69
BRADLEY,MOTLEY,BRADLEY.MOTLEY@sakilacustomer.org,27,126.73,4.69
VALERIE,BLACK,VALERIE.BLACK@sakilacustomer.org,26,121.74,4.68
MIGUEL,BETANCOURT,MIGUEL.BETANCOURT@sakilacustomer.org,29,135.71,4.68
JOYCE,EDWARDS,JOYCE.EDWARDS@sakilacustomer.org,28,130.72,4.67
STEVE,MACKENZIE,STEVE.MACKENZIE@sakilacustomer.org,34,158.66,4.67
EVA,RAMOS,EVA.RAMOS@sakilacustomer.org,18,83.82,4.66
CLARA,SHAW,CLARA.SHAW@sakilacustomer.org,42,195.58,4.66
STANLEY,SCROGGINS,STANLEY.SCROGGINS@sakilacustomer.org,30,139.70,4.66
ROBERTO,VU,ROBERTO.VU@sakilacustomer.org,30,139.70,4.66
RAFAEL,ABNEY,RAFAEL.ABNEY@sakilacustomer.org,21,97.79,4.66
DAWN,SULLIVAN,DAWN.SULLIVAN@sakilacustomer.org,26,120.74,4.64
ARLENE,HARVEY,ARLENE.HARVEY@sakilacustomer.org,26,120.74,4.64
PETER,MENARD,PETER.MENARD@sakilacustomer.org,23,106.77,4.64
CARL,ARTIS,CARL.ARTIS@sakilacustomer.org,23,106.77,4.64
CARLOS,COUGHLIN,CARLOS.COUGHLIN@sakilacustomer.org,23,106.77,4.64
ALFRED,CASILLAS,ALFRED.CASILLAS@sakilacustomer.org,26,120.74,4.64
CHARLIE,BESS,CHARLIE.BESS@sakilacustomer.org,26,120.74,4.64
ADAM,GOOCH,ADAM.GOOCH@sakilacustomer.org,22,101.78,4.63
SHAWN,HEATON,SHAWN.HEATON@sakilacustomer.org,33,152.67,4.63
COREY,HAUSER,COREY.HAUSER@sakilacustomer.org,22,101.78,4.63
GILBERT,SLEDGE,GILBERT.SLEDGE@sakilacustomer.org,28,129.72,4.63
DWAYNE,OLVERA,DWAYNE.OLVERA@sakilacustomer.org,22,101.78,4.63
TRACY,HERRMANN,TRACY.HERRMANN@sakilacustomer.org,28,129.72,4.63
MYRTLE,FLEMING,MYRTLE.FLEMING@sakilacustomer.org,24,110.76,4.62
LOUIS,LEONE,LOUIS.LEONE@sakilacustomer.org,35,161.65,4.62
AARON,SELBY,AARON.SELBY@sakilacustomer.org,24,110.76,4.62
JEROME,KENYON,JEROME.KENYON@sakilacustomer.org,16,73.84,4.62
RICK,MATTOX,RICK.MATTOX@sakilacustomer.org,27,124.73,4.62
JARED,ELY,JARED.ELY@sakilacustomer.org,19,87.81,4.62
BEATRICE,ARNOLD,BEATRICE.ARNOLD@sakilacustomer.org,26,119.74,4.61
DANA,HART,DANA.HART@sakilacustomer.org,29,133.71,4.61
JENNIE,TERRY,JENNIE.TERRY@sakilacustomer.org,29,133.71,4.61
HECTOR,POINDEXTER,HECTOR.POINDEXTER@sakilacustomer.org,26,119.74,4.61
MARIA,MILLER,MARIA.MILLER@sakilacustomer.org,33,151.67,4.60
JASON,MORRISSEY,JASON.MORRISSEY@sakilacustomer.org,28,128.72,4.60
ALEX,GRESHAM,ALEX.GRESHAM@sakilacustomer.org,33,151.67,4.60
MARILYN,ROSS,MARILYN.ROSS@sakilacustomer.org,30,137.70,4.59
WILMA,RICHARDS,WILMA.RICHARDS@sakilacustomer.org,20,91.80,4.59
DOUGLAS,GRAF,DOUGLAS.GRAF@sakilacustomer.org,25,114.75,4.59
DORIS,REED,DORIS.REED@sakilacustomer.org,22,100.78,4.58
STEVEN,CURLEY,STEVEN.CURLEY@sakilacustomer.org,29,132.71,4.58
LORI,WOOD,LORI.WOOD@sakilacustomer.org,31,141.69,4.57
VANESSA,SIMS,VANESSA.SIMS@sakilacustomer.org,19,86.81,4.57
LEWIS,LYMAN,LEWIS.LYMAN@sakilacustomer.org,19,86.81,4.57
RODNEY,MOELLER,RODNEY.MOELLER@sakilacustomer.org,23,104.77,4.56
LEO,EBERT,LEO.EBERT@sakilacustomer.org,23,104.77,4.56
ERIC,ROBERT,ERIC.ROBERT@sakilacustomer.org,27,122.73,4.55
NICHOLAS,BARFIELD,NICHOLAS.BARFIELD@sakilacustomer.org,32,145.68,4.55
ANDY,VANHORN,ANDY.VANHORN@sakilacustomer.org,25,113.75,4.55
KELLY,TORRES,KELLY.TORRES@sakilacustomer.org,22,99.78,4.54
RAMON,CHOATE,RAMON.CHOATE@sakilacustomer.org,31,140.69,4.54
MARLENE,WELCH,MARLENE.WELCH@sakilacustomer.org,26,117.74,4.53
SONIA,GREGORY,SONIA.GREGORY@sakilacustomer.org,28,126.72,4.53
ANDRE,RAPP,ANDRE.RAPP@sakilacustomer.org,28,126.72,4.53
DARREN,WINDHAM,DARREN.WINDHAM@sakilacustomer.org,24,108.76,4.53
ANN,EVANS,ANN.EVANS@sakilacustomer.org,17,76.83,4.52
GLORIA,COOK,GLORIA.COOK@sakilacustomer.org,30,135.70,4.52
SHERRY,MARSHALL,SHERRY.MARSHALL@sakilacustomer.org,34,153.66,4.52
OLGA,JIMENEZ,OLGA.JIMENEZ@sakilacustomer.org,32,144.68,4.52
RAYMOND,MCWHORTER,RAYMOND.MCWHORTER@sakilacustomer.org,30,135.70,4.52
ASHLEY,RICHARDSON,ASHLEY.RICHARDSON@sakilacustomer.org,25,112.75,4.51
JACQUELINE,LONG,JACQUELINE.LONG@sakilacustomer.org,33,148.67,4.51
NELLIE,GARRETT,NELLIE.GARRETT@sakilacustomer.org,21,94.79,4.51
BRUCE,SCHWARZ,BRUCE.SCHWARZ@sakilacustomer.org,23,103.77,4.51
RON,DELUCA,RON.DELUCA@sakilacustomer.org,23,103.77,4.51
SETH,HANNON,SETH.HANNON@sakilacustomer.org,25,112.75,4.51
PRISCILLA,LOWE,PRISCILLA.LOWE@sakilacustomer.org,35,157.65,4.50
HARRY,ARCE,HARRY.ARCE@sakilacustomer.org,35,157.65,4.50
TIM,CARY,TIM.CARY@sakilacustomer.org,39,175.61,4.50
JESSICA,HALL,JESSICA.HALL@sakilacustomer.org,34,152.66,4.49
CHRISTINA,RAMIREZ,CHRISTINA.RAMIREZ@sakilacustomer.org,18,80.82,4.49
SYLVIA,ORTIZ,SYLVIA.ORTIZ@sakilacustomer.org,32,143.68,4.49
ELAINE,STEVENS,ELAINE.STEVENS@sakilacustomer.org,24,107.76,4.49
EILEEN,CARR,EILEEN.CARR@sakilacustomer.org,18,80.82,4.49
JOSEPH,JOY,JOSEPH.JOY@sakilacustomer.org,30,134.70,4.49
FRANCISCO,SKIDMORE,FRANCISCO.SKIDMORE@sakilacustomer.org,22,98.78,4.49
CODY,NOLEN,CODY.NOLEN@sakilacustomer.org,22,98.78,4.49
MAX,PITT,MAX.PITT@sakilacustomer.org,24,107.76,4.49
CLAUDE,HERZOG,CLAUDE.HERZOG@sakilacustomer.org,25,111.75,4.47
ROSA,REYNOLDS,ROSA.REYNOLDS@sakilacustomer.org,30,133.70,4.46
STACEY,MONTGOMERY,STACEY.MONTGOMERY@sakilacustomer.org,34,151.66,4.46
LISA,ANDERSON,LISA.ANDERSON@sakilacustomer.org,24,106.76,4.45
MICHELLE,CLARK,MICHELLE.CLARK@sakilacustomer.org,35,155.65,4.45
DAVID,ROYAL,DAVID.ROYAL@sakilacustomer.org,26,115.74,4.45
BRYAN,HARDISON,BRYAN.HARDISON@sakilacustomer.org,28,124.72,4.45
CECIL,VINES,CECIL.VINES@sakilacustomer.org,26,115.74,4.45
TERESA,ROGERS,TERESA.ROGERS@sakilacustomer.org,29,128.71,4.44
TARA,RYAN,TARA.RYAN@sakilacustomer.org,20,88.80,4.44
ELLA,OLIVER,ELLA.OLIVER@sakilacustomer.org,31,137.69,4.44
JOHN,FARNSWORTH,JOHN.FARNSWORTH@sakilacustomer.org,31,137.69,4.44
WESLEY,BULL,WESLEY.BULL@sakilacustomer.org,40,177.60,4.44
MARGIE,WADE,MARGIE.WADE@sakilacustomer.org,36,159.64,4.43
RALPH,MADRIGAL,RALPH.MADRIGAL@sakilacustomer.org,34,150.66,4.43
TRAVIS,ESTEP,TRAVIS.ESTEP@sakilacustomer.org,25,110.75,4.43
LEE,HAWKS,LEE.HAWKS@sakilacustomer.org,27,119.73,4.43
TRACY,COLE,TRACY.COLE@sakilacustomer.org,30,132.70,4.42
LYNN,PAYNE,LYNN.PAYNE@sakilacustomer.org,28,123.72,4.42
YVONNE,WATKINS,YVONNE.WATKINS@sakilacustomer.org,21,92.79,4.42
ROBERT,BAUGHMAN,ROBERT.BAUGHMAN@sakilacustomer.org,21,92.79,4.42
RONALD,WEINER,RONALD.WEINER@sakilacustomer.org,30,132.70,4.42
JORDAN,ARCHULETA,JORDAN.ARCHULETA@sakilacustomer.org,30,132.70,4.42
MARIE,TURNER,MARIE.TURNER@sakilacustomer.org,26,114.74,4.41
DOLORES,WAGNER,DOLORES.WAGNER@sakilacustomer.org,26,114.74,4.41
BERNICE,WILLIS,BERNICE.WILLIS@sakilacustomer.org,33,145.67,4.41
BRIAN,WYMAN,BRIAN.WYMAN@sakilacustomer.org,12,52.88,4.41
CURTIS,IRBY,CURTIS.IRBY@sakilacustomer.org,38,167.62,4.41
AUSTIN,CINTRON,AUSTIN.CINTRON@sakilacustomer.org,19,83.81,4.41
AMY,LOPEZ,AMY.LOPEZ@sakilacustomer.org,29,127.71,4.40
GLENDA,FRAZIER,GLENDA.FRAZIER@sakilacustomer.org,32,140.68,4.40
TERRY,CARLSON,TERRY.CARLSON@sakilacustomer.org,29,127.71,4.40
TRACEY,BARRETT,TRACEY.BARRETT@sakilacustomer.org,27,118.73,4.40
MISTY,LAMBERT,MISTY.LAMBERT@sakilacustomer.org,27,118.73,4.40
MICHAEL,SILVERMAN,MICHAEL.SILVERMAN@sakilacustomer.org,29,127.71,4.40
DWIGHT,LOMBARDI,DWIGHT.LOMBARDI@sakilacustomer.org,17,74.83,4.40
WILLARD,LUMPKIN,WILLARD.LUMPKIN@sakilacustomer.org,22,96.78,4.40
GAIL,KNIGHT,GAIL.KNIGHT@sakilacustomer.org,25,109.75,4.39
KATIE,ELLIOTT,KATIE.ELLIOTT@sakilacustomer.org,25,109.75,4.39
JAMES,GANNON,JAMES.GANNON@sakilacustomer.org,30,131.70,4.39
RICHARD,MCCRARY,RICHARD.MCCRARY@sakilacustomer.org,25,109.75,4.39
LEON,BOSTIC,LEON.BOSTIC@sakilacustomer.org,25,109.75,4.39
WALLACE,SLONE,WALLACE.SLONE@sakilacustomer.org,25,109.75,4.39
CONNIE,WALLACE,CONNIE.WALLACE@sakilacustomer.org,23,100.77,4.38
TANYA,GILBERT,TANYA.GILBERT@sakilacustomer.org,33,144.67,4.38
BRANDY,GRAVES,BRANDY.GRAVES@sakilacustomer.org,28,122.72,4.38
DIANNE,SHELTON,DIANNE.SHELTON@sakilacustomer.org,31,135.69,4.38
ANNA,HILL,ANNA.HILL@sakilacustomer.org,21,91.79,4.37
DELORES,HANSEN,DELORES.HANSEN@sakilacustomer.org,21,91.79,4.37
SHELLY,WATTS,SHELLY.WATTS@sakilacustomer.org,26,113.74,4.37
DANNY,ISOM,DANNY.ISOM@sakilacustomer.org,21,91.79,4.37
GLEN,TALBERT,GLEN.TALBERT@sakilacustomer.org,26,113.74,4.37
JAIME,NETTLES,JAIME.NETTLES@sakilacustomer.org,29,126.71,4.37
ISAAC,OGLESBY,ISAAC.OGLESBY@sakilacustomer.org,29,126.71,4.37
RENE,MCALISTER,RENE.MCALISTER@sakilacustomer.org,26,113.74,4.37
MICHELE,GRANT,MICHELE.GRANT@sakilacustomer.org,30,130.70,4.36
NAOMI,JENNINGS,NAOMI.JENNINGS@sakilacustomer.org,35,152.65,4.36
VELMA,LUCAS,VELMA.LUCAS@sakilacustomer.org,27,117.73,4.36
LESLIE,SEWARD,LESLIE.SEWARD@sakilacustomer.org,35,152.65,4.36
CLIFTON,MALCOLM,CLIFTON.MALCOLM@sakilacustomer.org,27,117.73,4.36
ERICA,MATTHEWS,ERICA.MATTHEWS@sakilacustomer.org,22,95.78,4.35
VICKI,FIELDS,VICKI.FIELDS@sakilacustomer.org,25,108.75,4.35
DERRICK,BOURQUE,DERRICK.BOURQUE@sakilacustomer.org,22,95.78,4.35
SHANE,MILLARD,SHANE.MILLARD@sakilacustomer.org,22,95.78,4.35
SIDNEY,BURLESON,SIDNEY.BURLESON@sakilacustomer.org,25,108.75,4.35
LAURIE,LAWRENCE,LAURIE.LAWRENCE@sakilacustomer.org,23,99.77,4.34
LARRY,THRASHER,LARRY.THRASHER@sakilacustomer.org,26,112.74,4.34
ALBERT,CROUSE,ALBERT.CROUSE@sakilacustomer.org,23,99.77,4.34
RANDALL,NEUMANN,RANDALL.NEUMANN@sakilacustomer.org,23,99.77,4.34
KURT,EMMONS,KURT.EMMONS@sakilacustomer.org,23,99.77,4.34
ALMA,AUSTIN,ALMA.AUSTIN@sakilacustomer.org,35,151.65,4.33
CHARLES,KOWALSKI,CHARLES.KOWALSKI@sakilacustomer.org,32,138.68,4.33
KATHY,JAMES,KATHY.JAMES@sakilacustomer.org,30,129.70,4.32
PAULA,BRYANT,PAULA.BRYANT@sakilacustomer.org,18,77.82,4.32
CASSANDRA,WALTERS,CASSANDRA.WALTERS@sakilacustomer.org,30,129.70,4.32
RAMONA,HALE,RAMONA.HALE@sakilacustomer.org,30,129.70,4.32
PEDRO,CHESTNUT,PEDRO.CHESTNUT@sakilacustomer.org,24,103.76,4.32
HUGH,WALDROP,HUGH.WALDROP@sakilacustomer.org,21,90.79,4.32
SALVADOR,TEEL,SALVADOR.TEEL@sakilacustomer.org,30,129.70,4.32
NICOLE,PETERSON,NICOLE.PETERSON@sakilacustomer.org,22,94.78,4.31
CLAUDIA,FULLER,CLAUDIA.FULLER@sakilacustomer.org,26,111.74,4.30
GABRIEL,HARDER,GABRIEL.HARDER@sakilacustomer.org,26,111.74,4.30
JEAN,BELL,JEAN.BELL@sakilacustomer.org,27,115.73,4.29
SARA,PERRY,SARA.PERRY@sakilacustomer.org,33,141.67,4.29
MONICA,HICKS,MONICA.HICKS@sakilacustomer.org,30,128.70,4.29
STACY,CUNNINGHAM,STACY.CUNNINGHAM@sakilacustomer.org,23,98.77,4.29
AGNES,BISHOP,AGNES.BISHOP@sakilacustomer.org,23,98.77,4.29
JESSIE,MILAM,JESSIE.MILAM@sakilacustomer.org,33,141.67,4.29
ALFREDO,MCADAMS,ALFREDO.MCADAMS@sakilacustomer.org,20,85.80,4.29
ROBIN,HAYES,ROBIN.HAYES@sakilacustomer.org,24,102.76,4.28
TIFFANY,JORDAN,TIFFANY.JORDAN@sakilacustomer.org,14,59.86,4.28
PATSY,DAVIDSON,PATSY.DAVIDSON@sakilacustomer.org,28,119.72,4.28
DAISY,BATES,DAISY.BATES@sakilacustomer.org,38,162.62,4.28
BILLY,POULIN,BILLY.POULIN@sakilacustomer.org,35,149.65,4.28
RUBEN,GEARY,RUBEN.GEARY@sakilacustomer.org,21,89.79,4.28
JULIO,NOLAND,JULIO.NOLAND@sakilacustomer.org,21,89.79,4.28
LILLIAN,GRIFFIN,LILLIAN.GRIFFIN@sakilacustomer.org,25,106.75,4.27
NINA,SOTO,NINA.SOTO@sakilacustomer.org,29,123.71,4.27
ANDREA,HENDERSON,ANDREA.HENDERSON@sakilacustomer.org,22,93.78,4.26
LORETTA,CARPENTER,LORETTA.CARPENTER@sakilacustomer.org,22,93.78,4.26
GEORGIA,JACOBS,GEORGIA.JACOBS@sakilacustomer.org,26,110.74,4.26
WALTER,PERRYMAN,WALTER.PERRYMAN@sakilacustomer.org,30,127.70,4.26
HARVEY,GUAJARDO,HARVEY.GUAJARDO@sakilacustomer.org,22,93.78,4.26
JANICE,WARD,JANICE.WARD@sakilacustomer.org,34,144.66,4.25
CHARLENE,ALVAREZ,CHARLENE.ALVAREZ@sakilacustomer.org,27,114.73,4.25
SANDRA,MARTIN,SANDRA.MARTIN@sakilacustomer.org,28,118.72,4.24
ETHEL,WEBB,ETHEL.WEBB@sakilacustomer.org,32,135.68,4.24
NORA,HERRERA,NORA.HERRERA@sakilacustomer.org,28,118.72,4.24
STEPHEN,QUALLS,STEPHEN.QUALLS@sakilacustomer.org,28,118.72,4.24
JAVIER,ELROD,JAVIER.ELROD@sakilacustomer.org,32,135.68,4.24
GRACE,ELLIS,GRACE.ELLIS@sakilacustomer.org,33,139.67,4.23
DANIELLE,DANIELS,DANIELLE.DANIELS@sakilacustomer.org,25,105.75,4.23
CATHY,SPENCER,CATHY.SPENCER@sakilacustomer.org,29,122.71,4.23
HILDA,HOPKINS,HILDA.HOPKINS@sakilacustomer.org,29,122.71,4.23
THOMAS,GRIGSBY,THOMAS.GRIGSBY@sakilacustomer.org,25,105.75,4.23
VINCENT,RALSTON,VINCENT.RALSTON@sakilacustomer.org,25,105.75,4.23
TYLER,WREN,TYLER.WREN@sakilacustomer.org,21,88.79,4.23
BRAD,MCCURDY,BRAD.MCCURDY@sakilacustomer.org,25,105.75,4.23
FLORENCE,WOODS,FLORENCE.WOODS@sakilacustomer.org,30,126.70,4.22
JOSEPHINE,GOMEZ,JOSEPHINE.GOMEZ@sakilacustomer.org,26,109.74,4.22
ROSEMARY,SCHMIDT,ROSEMARY.SCHMIDT@sakilacustomer.org,35,147.65,4.22
HELEN,HARRIS,HELEN.HARRIS@sakilacustomer.org,32,134.68,4.21
JULIA,FLORES,JULIA.FLORES@sakilacustomer.org,32,134.68,4.21
AMBER,DIXON,AMBER.DIXON@sakilacustomer.org,27,113.73,4.21
ALEXANDER,FENNELL,ALEXANDER.FENNELL@sakilacustomer.org,36,151.64,4.21
MITCHELL,WESTMORELAND,MITCHELL.WESTMORELAND@sakilacustomer.org,32,134.68,4.21
DAVE,GARDINER,DAVE.GARDINER@sakilacustomer.org,32,134.68,4.21
BETTY,WHITE,BETTY.WHITE@sakilacustomer.org,28,117.72,4.20
CATHERINE,CAMPBELL,CATHERINE.CAMPBELL@sakilacustomer.org,34,142.66,4.20
ALICE,STEWART,ALICE.STEWART@sakilacustomer.org,33,138.67,4.20
KATHERINE,RIVERA,KATHERINE.RIVERA@sakilacustomer.org,14,58.86,4.20
SHANNON,FREEMAN,SHANNON.FREEMAN@sakilacustomer.org,24,100.76,4.20
ELLEN,SIMPSON,ELLEN.SIMPSON@sakilacustomer.org,28,117.72,4.20
MINNIE,ROMERO,MINNIE.ROMERO@sakilacustomer.org,34,142.66,4.20
ALLAN,CORNISH,ALLAN.CORNISH@sakilacustomer.org,19,79.81,4.20
ANITA,MORALES,ANITA.MORALES@sakilacustomer.org,15,62.85,4.19
LEAH,CURTIS,LEAH.CURTIS@sakilacustomer.org,25,104.75,4.19
BONNIE,HUGHES,BONNIE.HUGHES@sakilacustomer.org,21,87.79,4.18
JOANN,GARDNER,JOANN.GARDNER@sakilacustomer.org,16,66.84,4.18
MAUREEN,LITTLE,MAUREEN.LITTLE@sakilacustomer.org,21,87.79,4.18
MARCIA,DEAN,MARCIA.DEAN@sakilacustomer.org,42,175.58,4.18
DALE,RATCLIFF,DALE.RATCLIFF@sakilacustomer.org,27,112.73,4.18
SERGIO,STANFIELD,SERGIO.STANFIELD@sakilacustomer.org,26,108.74,4.18
CAROL,GARCIA,CAROL.GARCIA@sakilacustomer.org,22,91.78,4.17
CRYSTAL,FORD,CRYSTAL.FORD@sakilacustomer.org,33,137.67,4.17
TIMOTHY,BUNN,TIMOTHY.BUNN@sakilacustomer.org,22,91.78,4.17
CASEY,MENA,CASEY.MENA@sakilacustomer.org,34,141.66,4.17
PAMELA,BAKER,PAMELA.BAKER@sakilacustomer.org,23,95.77,4.16
CHRISTINE,ROBERTS,CHRISTINE.ROBERTS@sakilacustomer.org,24,99.76,4.16
NATALIE,MEYER,NATALIE.MEYER@sakilacustomer.org,23,95.77,4.16
TONI,HOLT,TONI.HOLT@sakilacustomer.org,23,95.77,4.16
BENJAMIN,VARNEY,BENJAMIN.VARNEY@sakilacustomer.org,23,95.77,4.16
CRAIG,MORRELL,CRAIG.MORRELL@sakilacustomer.org,30,124.70,4.16
JOEL,FRANCISCO,JOEL.FRANCISCO@sakilacustomer.org,23,95.77,4.16
CHESTER,BENNER,CHESTER.BENNER@sakilacustomer.org,24,99.76,4.16
BYRON,BOX,BYRON.BOX@sakilacustomer.org,29,120.71,4.16
BETH,FRANKLIN,BETH.FRANKLIN@sakilacustomer.org,25,103.75,4.15
COURTNEY,DAY,COURTNEY.DAY@sakilacustomer.org,32,132.68,4.15
GARY,COY,GARY.COY@sakilacustomer.org,25,103.75,4.15
CLINTON,BUFORD,CLINTON.BUFORD@sakilacustomer.org,25,103.75,4.15
KELLY,KNOTT,KELLY.KNOTT@sakilacustomer.org,25,103.75,4.15
EDNA,WEST,EDNA.WEST@sakilacustomer.org,26,107.74,4.14
VICTORIA,GIBSON,VICTORIA.GIBSON@sakilacustomer.org,27,111.73,4.14
DEANNA,BYRD,DEANNA.BYRD@sakilacustomer.org,26,107.74,4.14
EARL,SHANKS,EARL.SHANKS@sakilacustomer.org,27,111.73,4.14
DARYL,LARUE,DARYL.LARUE@sakilacustomer.org,27,111.73,4.14
LORRAINE,STEPHENS,LORRAINE.STEPHENS@sakilacustomer.org,21,86.79,4.13
AUDREY,RAY,AUDREY.RAY@sakilacustomer.org,29,119.71,4.13
BRANDON,HUEY,BRANDON.HUEY@sakilacustomer.org,37,152.63,4.13
REGINALD,KINDER,REGINALD.KINDER@sakilacustomer.org,28,115.72,4.13
MATHEW,BOLIN,MATHEW.BOLIN@sakilacustomer.org,22,90.78,4.13
EMMA,BOYD,EMMA.BOYD@sakilacustomer.org,23,94.77,4.12
ANNETTE,OLSON,ANNETTE.OLSON@sakilacustomer.org,24,98.76,4.12
LESTER,KRAUS,LESTER.KRAUS@sakilacustomer.org,16,65.84,4.12
MARC,OUTLAW,MARC.OUTLAW@sakilacustomer.org,30,123.70,4.12
FLOYD,GANDY,FLOYD.GANDY@sakilacustomer.org,17,69.83,4.11
MORRIS,MCCARTER,MORRIS.MCCARTER@sakilacustomer.org,34,139.66,4.11
AMANDA,CARTER,AMANDA.CARTER@sakilacustomer.org,27,110.73,4.10
EVELYN,MORGAN,EVELYN.MORGAN@sakilacustomer.org,28,114.72,4.10
SHEILA,WELLS,SHEILA.WELLS@sakilacustomer.org,18,73.82,4.10
YOLANDA,WEAVER,YOLANDA.WEAVER@sakilacustomer.org,27,110.73,4.10
MARSHA,DOUGLAS,MARSHA.DOUGLAS@sakilacustomer.org,37,151.63,4.10
EDWARD,BAUGH,EDWARD.BAUGH@sakilacustomer.org,28,114.72,4.10
DENNIS,GILMAN,DENNIS.GILMAN@sakilacustomer.org,28,114.72,4.10
HENRY,BILLINGSLEY,HENRY.BILLINGSLEY@sakilacustomer.org,18,73.82,4.10
BILL,GAVIN,BILL.GAVIN@sakilacustomer.org,28,114.72,4.10
SHIRLEY,ALLEN,SHIRLEY.ALLEN@sakilacustomer.org,31,126.69,4.09
ALLEN,BUTTERFIELD,ALLEN.BUTTERFIELD@sakilacustomer.org,21,85.79,4.09
ERIK,GUILLEN,ERIK.GUILLEN@sakilacustomer.org,29,118.71,4.09
DEBBIE,REYES,DEBBIE.REYES@sakilacustomer.org,32,130.68,4.08
LESLIE,GORDON,LESLIE.GORDON@sakilacustomer.org,22,89.78,4.08
HAROLD,MARTINO,HAROLD.MARTINO@sakilacustomer.org,32,130.68,4.08
GLENN,PULLEN,GLENN.PULLEN@sakilacustomer.org,23,93.77,4.08
BARRY,LOVELACE,BARRY.LOVELACE@sakilacustomer.org,33,134.67,4.08
BRETT,CORNWELL,BRETT.CORNWELL@sakilacustomer.org,34,138.66,4.08
BEVERLY,BROOKS,BEVERLY.BROOKS@sakilacustomer.org,24,97.76,4.07
LOUISE,JENKINS,LOUISE.JENKINS@sakilacustomer.org,25,101.75,4.07
BERTHA,FERGUSON,BERTHA.FERGUSON@sakilacustomer.org,25,101.75,4.07
ROGER,QUINTANILLA,ROGER.QUINTANILLA@sakilacustomer.org,36,146.64,4.07
WILLIE,MARKHAM,WILLIE.MARKHAM@sakilacustomer.org,25,101.75,4.07
ANDREW,PURDY,ANDREW.PURDY@sakilacustomer.org,27,109.73,4.06
GERALD,FULTZ,GERALD.FULTZ@sakilacustomer.org,30,121.70,4.06
TODD,TAN,TODD.TAN@sakilacustomer.org,29,117.71,4.06
DEAN,SAUER,DEAN.SAUER@sakilacustomer.org,27,109.73,4.06
TED,BREAUX,TED.BREAUX@sakilacustomer.org,29,117.71,4.06
VIRGINIA,GREEN,VIRGINIA.GREEN@sakilacustomer.org,32,129.68,4.05
GERTRUDE,CASTILLO,GERTRUDE.CASTILLO@sakilacustomer.org,34,137.66,4.05
VIOLA,HANSON,VIOLA.HANSON@sakilacustomer.org,32,129.68,4.05
JONATHAN,SCARBOROUGH,JONATHAN.SCARBOROUGH@sakilacustomer.org,18,72.82,4.05
BERNARD,COLBY,BERNARD.COLBY@sakilacustomer.org,22,88.78,4.04
BRENDA,WRIGHT,BRENDA.WRIGHT@sakilacustomer.org,26,104.74,4.03
PEGGY,MYERS,PEGGY.MYERS@sakilacustomer.org,24,96.76,4.03
MARK,RINEHART,MARK.RINEHART@sakilacustomer.org,26,104.74,4.03
FRANCIS,SIKES,FRANCIS.SIKES@sakilacustomer.org,26,104.74,4.03
MARIO,CHEATHAM,MARIO.CHEATHAM@sakilacustomer.org,28,112.72,4.03
RONNIE,RICKETTS,RONNIE.RICKETTS@sakilacustomer.org,25,100.75,4.03
DOROTHY,TAYLOR,DOROTHY.TAYLOR@sakilacustomer.org,25,99.75,3.99
SARAH,LEWIS,SARAH.LEWIS@sakilacustomer.org,30,119.70,3.99
DEBORAH,WALKER,DEBORAH.WALKER@sakilacustomer.org,29,115.71,3.99
PHYLLIS,FOSTER,PHYLLIS.FOSTER@sakilacustomer.org,23,91.77,3.99
MARJORIE,TUCKER,MARJORIE.TUCKER@sakilacustomer.org,32,127.68,3.99
ALICIA,MILLS,ALICIA.MILLS@sakilacustomer.org,21,83.79,3.99
REGINA,BERRY,REGINA.BERRY@sakilacustomer.org,34,135.66,3.99
CARLA,GUTIERREZ,CARLA.GUTIERREZ@sakilacustomer.org,26,103.74,3.99
GINA,WILLIAMSON,GINA.WILLIAMSON@sakilacustomer.org,28,111.72,3.99
BECKY,MILES,BECKY.MILES@sakilacustomer.org,29,115.71,3.99
GEORGE,LINTON,GEORGE.LINTON@sakilacustomer.org,33,131.67,3.99
FRANK,WAGGONER,FRANK.WAGGONER@sakilacustomer.org,32,127.68,3.99
JOSHUA,MARK,JOSHUA.MARK@sakilacustomer.org,30,119.70,3.99
SEAN,DOUGLASS,SEAN.DOUGLASS@sakilacustomer.org,23,91.77,3.99
LUIS,YANEZ,LUIS.YANEZ@sakilacustomer.org,20,79.80,3.99
HERMAN,DEVORE,HERMAN.DEVORE@sakilacustomer.org,29,115.71,3.99
CLYDE,TOBIAS,CLYDE.TOBIAS@sakilacustomer.org,29,115.71,3.99
ARMANDO,GRUBER,ARMANDO.GRUBER@sakilacustomer.org,21,83.79,3.99
VIRGIL,WOFFORD,VIRGIL.WOFFORD@sakilacustomer.org,27,107.73,3.99
MARION,OCAMPO,MARION.OCAMPO@sakilacustomer.org,29,115.71,3.99
FREDDIE,DUGGAN,FREDDIE.DUGGAN@sakilacustomer.org,25,99.75,3.99
THELMA,MURRAY,THELMA.MURRAY@sakilacustomer.org,32,126.68,3.96
VERONICA,STONE,VERONICA.STONE@sakilacustomer.org,32,126.68,3.96
CHRISTY,VARGAS,CHRISTY.VARGAS@sakilacustomer.org,31,122.69,3.96
JORGE,OLIVARES,JORGE.OLIVARES@sakilacustomer.org,34,134.66,3.96
MILDRED,BAILEY,MILDRED.BAILEY@sakilacustomer.org,25,98.75,3.95
RUBY,WASHINGTON,RUBY.WASHINGTON@sakilacustomer.org,28,110.72,3.95
SUZANNE,NICHOLS,SUZANNE.NICHOLS@sakilacustomer.org,24,94.76,3.95
ERIN,DUNN,ERIN.DUNN@sakilacustomer.org,27,106.73,3.95
VIVIAN,RUIZ,VIVIAN.RUIZ@sakilacustomer.org,23,90.77,3.95
GWENDOLYN,MAY,GWENDOLYN.MAY@sakilacustomer.org,25,98.75,3.95
JEFFREY,SPEAR,JEFFREY.SPEAR@sakilacustomer.org,23,90.77,3.95
RANDY,GAITHER,RANDY.GAITHER@sakilacustomer.org,28,110.72,3.95
MICHEAL,FORMAN,MICHEAL.FORMAN@sakilacustomer.org,26,102.74,3.95
EVERETT,BANDA,EVERETT.BANDA@sakilacustomer.org,28,110.72,3.95
KIM,CRUZ,KIM.CRUZ@sakilacustomer.org,21,82.79,3.94
HERBERT,KRUGER,HERBERT.KRUGER@sakilacustomer.org,20,78.80,3.94
ADRIAN,CLARY,ADRIAN.CLARY@sakilacustomer.org,19,74.81,3.94
IRMA,PEARSON,IRMA.PEARSON@sakilacustomer.org,18,70.82,3.93
PHILIP,CAUSEY,PHILIP.CAUSEY@sakilacustomer.org,31,121.69,3.93
JEFFERY,PINSON,JEFFERY.PINSON@sakilacustomer.org,31,121.69,3.93
CAROLYN,PEREZ,CAROLYN.PEREZ@sakilacustomer.org,30,117.70,3.92
DIANA,ALEXANDER,DIANA.ALEXANDER@sakilacustomer.org,27,105.73,3.92
CINDY,FISHER,CINDY.FISHER@sakilacustomer.org,29,113.71,3.92
KRISTINA,CHAMBERS,KRISTINA.CHAMBERS@sakilacustomer.org,28,109.72,3.92
CLIFFORD,BOWENS,CLIFFORD.BOWENS@sakilacustomer.org,29,113.71,3.92
JULIAN,VEST,JULIAN.VEST@sakilacustomer.org,28,109.72,3.92
TERRENCE,GUNDERSON,TERRENCE.GUNDERSON@sakilacustomer.org,30,117.70,3.92
ANGELA,HERNANDEZ,ANGELA.HERNANDEZ@sakilacustomer.org,36,140.64,3.91
CHARLOTTE,HUNTER,CHARLOTTE.HUNTER@sakilacustomer.org,24,93.76,3.91
WILLIE,HOWELL,WILLIE.HOWELL@sakilacustomer.org,26,101.74,3.91
ERIKA,PENA,ERIKA.PENA@sakilacustomer.org,26,101.74,3.91
PHILLIP,HOLM,PHILLIP.HOLM@sakilacustomer.org,26,101.74,3.91
JESSE,SCHILLING,JESSE.SCHILLING@sakilacustomer.org,26,101.74,3.91
MARGARET,MOORE,MARGARET.MOORE@sakilacustomer.org,23,89.77,3.90
LILLIE,KIM,LILLIE.KIM@sakilacustomer.org,23,89.77,3.90
SHERRI,RHODES,SHERRI.RHODES@sakilacustomer.org,33,128.67,3.90
DONALD,MAHON,DONALD.MAHON@sakilacustomer.org,23,89.77,3.90
JIM,REA,JIM.REA@sakilacustomer.org,33,128.67,3.90
VICKIE,BREWER,VICKIE.BREWER@sakilacustomer.org,31,120.69,3.89
MANUEL,MURRELL,MANUEL.MURRELL@sakilacustomer.org,30,116.70,3.89
NELSON,CHRISTENSON,NELSON.CHRISTENSON@sakilacustomer.org,20,77.80,3.89
LUCILLE,HOLMES,LUCILLE.HOLMES@sakilacustomer.org,28,108.72,3.88
SUSAN,WILSON,SUSAN.WILSON@sakilacustomer.org,24,92.76,3.87
JUDY,GRAY,JUDY.GRAY@sakilacustomer.org,25,96.75,3.87
RITA,GRAHAM,RITA.GRAHAM@sakilacustomer.org,24,92.76,3.87
SUE,PETERS,SUE.PETERS@sakilacustomer.org,40,154.60,3.87
WILLIAM,SATTERFIELD,WILLIAM.SATTERFIELD@sakilacustomer.org,26,100.74,3.87
JOSE,ANDREW,JOSE.ANDREW@sakilacustomer.org,25,96.75,3.87
DUSTIN,GILLETTE,DUSTIN.GILLETTE@sakilacustomer.org,26,100.74,3.87
SHARON,ROBINSON,SHARON.ROBINSON@sakilacustomer.org,30,115.70,3.86
HEATHER,MORRIS,HEATHER.MORRIS@sakilacustomer.org,30,115.70,3.86
PATRICK,NEWSOM,PATRICK.NEWSOM@sakilacustomer.org,31,119.69,3.86
MARCUS,HIDALGO,MARCUS.HIDALGO@sakilacustomer.org,30,115.70,3.86
RACHEL,BARNES,RACHEL.BARNES@sakilacustomer.org,22,84.78,3.85
SAMUEL,MARLOW,SAMUEL.MARLOW@sakilacustomer.org,21,80.79,3.85
CHRIS,BROTHERS,CHRIS.BROTHERS@sakilacustomer.org,22,84.78,3.85
TERRANCE,ROUSH,TERRANCE.ROUSH@sakilacustomer.org,29,111.71,3.85
DENISE,KELLY,DENISE.KELLY@sakilacustomer.org,27,103.73,3.84
JENNY,CASTRO,JENNY.CASTRO@sakilacustomer.org,27,103.73,3.84
MARTIN,BALES,MARTIN.BALES@sakilacustomer.org,27,103.73,3.84
IVAN,CROMWELL,IVAN.CROMWELL@sakilacustomer.org,26,99.74,3.84
KIMBERLY,LEE,KIMBERLY.LEE@sakilacustomer.org,25,95.75,3.83
ELSIE,KELLEY,ELSIE.KELLEY@sakilacustomer.org,37,141.63,3.83
CONSTANCE,REID,CONSTANCE.REID@sakilacustomer.org,25,95.75,3.83
NATHAN,RUNYON,NATHAN.RUNYON@sakilacustomer.org,32,122.68,3.83
EDGAR,RHOADS,EDGAR.RHOADS@sakilacustomer.org,25,95.75,3.83
ANNE,POWELL,ANNE.POWELL@sakilacustomer.org,23,87.77,3.82
EMILY,DIAZ,EMILY.DIAZ@sakilacustomer.org,24,91.76,3.82
PENNY,NEAL,PENNY.NEAL@sakilacustomer.org,18,68.82,3.82
VICTOR,BARKLEY,VICTOR.BARKLEY@sakilacustomer.org,24,91.76,3.82
KEN,PREWITT,KEN.PREWITT@sakilacustomer.org,29,110.71,3.82
BOB,PFEIFFER,BOB.PFEIFFER@sakilacustomer.org,24,91.76,3.82
ELIZABETH,BROWN,ELIZABETH.BROWN@sakilacustomer.org,38,144.62,3.81
WADE,DELVALLE,WADE.DELVALLE@sakilacustomer.org,22,83.78,3.81
NORMA,GONZALES,NORMA.GONZALES@sakilacustomer.org,21,79.79,3.80
RUSSELL,BRINSON,RUSSELL.BRINSON@sakilacustomer.org,36,136.64,3.80
JACOB,LANCE,JACOB.LANCE@sakilacustomer.org,21,79.79,3.80
ELMER,NOE,ELMER.NOE@sakilacustomer.org,26,98.74,3.80
TAMMY,SANDERS,TAMMY.SANDERS@sakilacustomer.org,41,155.59,3.79
SCOTT,SHELLEY,SCOTT.SHELLEY@sakilacustomer.org,25,94.75,3.79
EDITH,MCDONALD,EDITH.MCDONALD@sakilacustomer.org,19,71.81,3.78
JOY,GEORGE,JOY.GEORGE@sakilacustomer.org,33,124.67,3.78
EUGENE,CULPEPPER,EUGENE.CULPEPPER@sakilacustomer.org,19,71.81,3.78
VERA,MCCOY,VERA.MCCOY@sakilacustomer.org,18,67.82,3.77
CARMEN,OWENS,CARMEN.OWENS@sakilacustomer.org,26,97.74,3.76
GERALDINE,PERKINS,GERALDINE.PERKINS@sakilacustomer.org,30,112.70,3.76
RENEE,LANE,RENEE.LANE@sakilacustomer.org,26,97.74,3.76
KRISTIN,JOHNSTON,KRISTIN.JOHNSTON@sakilacustomer.org,31,116.69,3.76
MABEL,HOLLAND,MABEL.HOLLAND@sakilacustomer.org,30,112.70,3.76
MELVIN,ELLINGTON,MELVIN.ELLINGTON@sakilacustomer.org,26,97.74,3.76
THEODORE,CULP,THEODORE.CULP@sakilacustomer.org,31,116.69,3.76
LANCE,PEMBERTON,LANCE.PEMBERTON@sakilacustomer.org,22,82.78,3.76
MARTHA,GONZALEZ,MARTHA.GONZALEZ@sakilacustomer.org,34,127.66,3.75
JOANNE,ROBERTSON,JOANNE.ROBERTSON@sakilacustomer.org,34,127.66,3.75
TAMARA,NGUYEN,TAMARA.NGUYEN@sakilacustomer.org,25,93.75,3.75
JACKIE,LYNCH,JACKIE.LYNCH@sakilacustomer.org,25,93.75,3.75
REBECCA,SCOTT,REBECCA.SCOTT@sakilacustomer.org,24,89.76,3.74
SALLY,PIERCE,SALLY.PIERCE@sakilacustomer.org,32,119.68,3.74
JEANETTE,GREENE,JEANETTE.GREENE@sakilacustomer.org,20,74.80,3.74
JACK,FOUST,JACK.FOUST@sakilacustomer.org,24,89.76,3.74
WAYNE,TRUONG,WAYNE.TRUONG@sakilacustomer.org,19,70.81,3.73
BARBARA,JONES,BARBARA.JONES@sakilacustomer.org,22,81.78,3.72
CLAYTON,BARBEE,CLAYTON.BARBEE@sakilacustomer.org,26,96.74,3.72
MARY,SMITH,MARY.SMITH@sakilacustomer.org,32,118.68,3.71
JULIE,SANCHEZ,JULIE.SANCHEZ@sakilacustomer.org,29,107.71,3.71
MELANIE,ARMSTRONG,MELANIE.ARMSTRONG@sakilacustomer.org,25,92.75,3.71
LEROY,BUSTAMANTE,LEROY.BUSTAMANTE@sakilacustomer.org,32,118.68,3.71
NANCY,THOMAS,NANCY.THOMAS@sakilacustomer.org,28,103.72,3.70
HOLLY,FOX,HOLLY.FOX@sakilacustomer.org,31,114.69,3.70
MATTHEW,MAHAN,MATTHEW.MAHAN@sakilacustomer.org,31,114.69,3.70
JEREMY,HURTADO,JEREMY.HURTADO@sakilacustomer.org,28,103.72,3.70
CHRISTIAN,JUNG,CHRISTIAN.JUNG@sakilacustomer.org,24,88.76,3.70
JOAN,COOPER,JOAN.COOPER@sakilacustomer.org,23,84.77,3.69
JUANITA,MASON,JUANITA.MASON@sakilacustomer.org,30,110.70,3.69
ROBERTA,HARPER,ROBERTA.HARPER@sakilacustomer.org,23,84.77,3.69
JO,FOWLER,JO.FOWLER@sakilacustomer.org,20,73.80,3.69
KYLE,SPURLOCK,KYLE.SPURLOCK@sakilacustomer.org,30,110.70,3.69
ROSS,GREY,ROSS.GREY@sakilacustomer.org,27,99.73,3.69
CARRIE,PORTER,CARRIE.PORTER@sakilacustomer.org,34,124.66,3.67
DARLENE,ROSE,DARLENE.ROSE@sakilacustomer.org,31,113.69,3.67
RICKY,SHELBY,RICKY.SHELBY@sakilacustomer.org,25,91.75,3.67
DARRELL,POWER,DARRELL.POWER@sakilacustomer.org,25,91.75,3.67
PAULINE,HENRY,PAULINE.HENRY@sakilacustomer.org,27,98.73,3.66
COLLEEN,BURTON,COLLEEN.BURTON@sakilacustomer.org,24,87.76,3.66
JON,WILES,JON.WILES@sakilacustomer.org,24,87.76,3.66
MAXINE,SILVA,MAXINE.SILVA@sakilacustomer.org,32,116.68,3.65
JIMMY,SCHRADER,JIMMY.SCHRADER@sakilacustomer.org,29,105.71,3.65
MELISSA,KING,MELISSA.KING@sakilacustomer.org,34,123.66,3.64
APRIL,BURNS,APRIL.BURNS@sakilacustomer.org,26,94.74,3.64
TERRY,GRISSOM,TERRY.GRISSOM@sakilacustomer.org,20,72.80,3.64
LEONA,OBRIEN,LEONA.OBRIEN@sakilacustomer.org,14,50.86,3.63
RAY,HOULE,RAY.HOULE@sakilacustomer.org,22,79.78,3.63
CAROLE,BARNETT,CAROLE.BARNETT@sakilacustomer.org,30,108.70,3.62
GENE,SANBORN,GENE.SANBORN@sakilacustomer.org,27,97.73,3.62
ANGEL,BARCLAY,ANGEL.BARCLAY@sakilacustomer.org,32,115.68,3.62
HEIDI,LARSON,HEIDI.LARSON@sakilacustomer.org,34,122.66,3.61
HOWARD,FORTNER,HOWARD.FORTNER@sakilacustomer.org,26,93.74,3.61
MARVIN,YEE,MARVIN.YEE@sakilacustomer.org,21,75.79,3.61
JANE,BENNETT,JANE.BENNETT@sakilacustomer.org,28,100.72,3.60
JUSTIN,NGO,JUSTIN.NGO@sakilacustomer.org,36,129.64,3.60
LAUREN,HUDSON,LAUREN.HUDSON@sakilacustomer.org,20,71.80,3.59
ANTHONY,SCHWAB,ANTHONY.SCHWAB@sakilacustomer.org,20,71.80,3.59
ERNEST,STEPP,ERNEST.STEPP@sakilacustomer.org,25,89.75,3.59
JEFF,EAST,JEFF.EAST@sakilacustomer.org,30,107.70,3.59
CHAD,CARBONE,CHAD.CARBONE@sakilacustomer.org,25,89.75,3.59
IAN,STILL,IAN.STILL@sakilacustomer.org,27,96.73,3.58
FRED,WHEAT,FRED.WHEAT@sakilacustomer.org,25,88.75,3.55
LUCY,WHEELER,LUCY.WHEELER@sakilacustomer.org,26,91.74,3.53
JESSIE,BANKS,JESSIE.BANKS@sakilacustomer.org,26,91.74,3.53
LLOYD,DOWD,LLOYD.DOWD@sakilacustomer.org,19,66.81,3.52
TONY,CARRANZA,TONY.CARRANZA@sakilacustomer.org,21,73.79,3.51
ROLAND,SOUTH,ROLAND.SOUTH@sakilacustomer.org,23,80.77,3.51
CYNTHIA,YOUNG,CYNTHIA.YOUNG@sakilacustomer.org,32,111.68,3.49
PEARL,GARZA,PEARL.GARZA@sakilacustomer.org,22,76.78,3.49
CLARENCE,GAMEZ,CLARENCE.GAMEZ@sakilacustomer.org,30,104.70,3.49
DEREK,BLAKELY,DEREK.BLAKELY@sakilacustomer.org,28,97.72,3.49
LYDIA,BURKE,LYDIA.BURKE@sakilacustomer.org,24,82.76,3.45
KEITH,RICO,KEITH.RICO@sakilacustomer.org,26,89.74,3.45
JAY,ROBB,JAY.ROBB@sakilacustomer.org,26,89.74,3.45
ENRIQUE,FORSYTHE,ENRIQUE.FORSYTHE@sakilacustomer.org,28,96.72,3.45
KATHLEEN,ADAMS,KATHLEEN.ADAMS@sakilacustomer.org,27,92.73,3.43
MEGAN,PALMER,MEGAN.PALMER@sakilacustomer.org,27,92.73,3.43
ALLISON,STANLEY,ALLISON.STANLEY@sakilacustomer.org,27,92.73,3.43
LEONARD,SCHOFIELD,LEONARD.SCHOFIELD@sakilacustomer.org,32,109.68,3.43
ESTHER,CRAWFORD,ESTHER.CRAWFORD@sakilacustomer.org,28,95.72,3.42
GREGORY,MAULDIN,GREGORY.MAULDIN@sakilacustomer.org,23,78.77,3.42
BILLIE,HORTON,BILLIE.HORTON@sakilacustomer.org,26,88.74,3.41
CORY,MEEHAN,CORY.MEEHAN@sakilacustomer.org,24,81.76,3.41
KIRK,STCLAIR,KIRK.STCLAIR@sakilacustomer.org,19,64.81,3.41
FRANKLIN,TROUTMAN,FRANKLIN.TROUTMAN@sakilacustomer.org,22,74.78,3.40
CAROLINE,BOWMAN,CAROLINE.BOWMAN@sakilacustomer.org,15,50.85,3.39
IRENE,PRICE,IRENE.PRICE@sakilacustomer.org,23,77.77,3.38
BOBBIE,CRAIG,BOBBIE.CRAIG@sakilacustomer.org,24,80.76,3.37
TOM,MILNER,TOM.MILNER@sakilacustomer.org,32,107.68,3.37
JENNIFER,DAVIS,JENNIFER.DAVIS@sakilacustomer.org,28,93.72,3.35
IDA,ANDREWS,IDA.ANDREWS@sakilacustomer.org,23,76.77,3.34
DARRYL,ASHCRAFT,DARRYL.ASHCRAFT@sakilacustomer.org,23,76.77,3.34
THERESA,WATSON,THERESA.WATSON@sakilacustomer.org,30,99.70,3.32
JILL,HAWKINS,JILL.HAWKINS@sakilacustomer.org,21,68.79,3.28
ANNIE,RUSSELL,ANNIE.RUSSELL@sakilacustomer.org,18,58.82,3.27
LOIS,BUTLER,LOIS.BUTLER@sakilacustomer.org,35,113.65,3.25
HAZEL,WARREN,HAZEL.WARREN@sakilacustomer.org,34,110.66,3.25
LAWRENCE,LAWTON,LAWRENCE.LAWTON@sakilacustomer.org,31,100.69,3.25
JUAN,FRALEY,JUAN.FRALEY@sakilacustomer.org,23,73.77,3.21
ALBERTO,HENNING,ALBERTO.HENNING@sakilacustomer.org,21,66.79,3.18
SAMANTHA,DUNCAN,SAMANTHA.DUNCAN@sakilacustomer.org,23,71.77,3.12
NORMAN,CURRIER,NORMAN.CURRIER@sakilacustomer.org,26,80.74,3.11
FELICIA,SUTTON,FELICIA.SUTTON@sakilacustomer.org,28,86.72,3.10
FELIX,GAFFNEY,FELIX.GAFFNEY@sakilacustomer.org,24,73.76,3.07
WENDY,HARRISON,WENDY.HARRISON@sakilacustomer.org,30,91.70,3.06
JUDITH,COX,JUDITH.COX@sakilacustomer.org,33,100.67,3.05
BOBBY,BOUDREAU,BOBBY.BOUDREAU@sakilacustomer.org,35,106.65,3.05
JOHNNY,TURPIN,JOHNNY.TURPIN@sakilacustomer.org,19,57.81,3.04
MATTIE,HOFFMAN,MATTIE.HOFFMAN@sakilacustomer.org,22,64.78,2.94
